{"cameraMode":{"drawMode":0,"name":"Shaded","section":"Shading Mode"},"sceneLighting":true,"audioPlay":false,"sceneViewState":{"m_AlwaysRefresh":false,"showFog":true,"showSkybox":true,"showFlares":true,"showImageEffects":true,"showParticleSystems":true,"showVisualEffectGraphs":true,"m_FxEnabled":true},"in2DMode":false,"pivot":{"x":-1.4372539520263672,"y":-3.3010900020599367,"z":-1.0764069557189942},"rotation":{"x":-0.06063195317983627,"y":0.9363033771514893,"z":-0.2807411551475525,"w":-0.20220942795276643},"size":14.029975891113282,"orthographic":false}